PRODUCT_CODE,PRODUCT_NAME,PRODUCT_FORM,DATABASE
FM0002,MM110,Liquid,US
FM0004,MM185,Powder,US
FM0006,MM150,Powder,US
FM0008,MM180,Powder,US
FM0015,MM125,Powder,US
FM0017,MM115,Liquid,US
FM0018,MM118,Liquid,US
FM0023,3XP186,Liquid,US
FM0024,MM136,Liquid,US
FM0030,MM188M,Powder,US
FM0049,MM1102X,Liquid,US
FM0050,MM1352X,Powder,US
FM0134,MM100FX,Powder,US
FM0135,MM110F,Liquid,US
FM0136,MM200,Powder,US
FM0138,MM210F,Liquid,US
FM0143,MM200F,Powder,US
FM0157,MM135,Powder,US
FM0178,MM210F-OC,Liquid,US
FM0179,MM135 Fine Particle,Powder,US
FM0180,CM2,Powder,US
FM0181,Magnasweet Bitter Blocker N,Powder,US
FM0182,Magnasweet Bitter Blocker S,Powder,US
fm0183,CM1,Powder,US
FM0184,CM1-L,Liquid,US
FM0226,MagnaSweet BB-001,Powder,US
FM0232,MagnaSweet BB-002,Powder,US
FM0233,MagnaSweet PH-016,Powder,US
FM0236,MagnaSweet PM-004,Powder,US
FM0237,Magnasweet SwE-063,Liquid,US
FM0241,MagnaSweet PM-024LE,Powder,US
FM0243,MagnaSweet MMF-004,Liquid,US
FM0244,MagnaSweet SwE-061,Powder,US
FM0247,MagnaSweet BB-020,Powder,US
FM0250,Magnasweet SwE-089,Powder,US
FM0255,MagnaSweet BB-022LE,Powder,US
FM0259,MagnaSweet BB-021LE,Powder,US
FM0260,Magnasweet SwE-091LE,Powder,US
FM0262,MagnaSweet SwE-115LE,Powder,US
FM0268,MagnaSweet MMF-016,Liquid,US
FM0270,MagnaSweet SwE-093LE,Liquid,US
FM0271,MagnaSweet MMF-014,Liquid,US
FM0272,Natural Flavor SwE-122,Powder,US
FM0274,MagnaSweet SE-014,Powder,US
FL0004,SHIP PASTE,Block,US
FL0022,PWDRD ORNTL LIC EXT,Powder,US
FL0118,SHIP PASTE - PM,Block,US
FL3018,CMMS SDLE,Powder,US
FL3033,TV/LA Powder,Powder,US
FL3126,CWK SDLE,Powder,US
FL5000,LICORICE EXTRACT D SDLE,Powder,US
FL5001,Select Blend HD SDLE (STIX),Powder,US
FL5002,Select Blend HD SDLE,Powder,US
FL5004,3XP174 SDLE,Powder,US
FL5005,549 D SDLE,Powder,US
FL5006,Licorice Extract 885 SDLE,Powder,US
FL5007,Select Blend HD (F) SDLE,Powder,US
FL5008,Select Blend HD (N) SDLE,Powder,US
FL5009,3XP230 POUDRE,Powder,US
FL5010,SHIP BJ SPRAY DRIED,Powder,US
FL5011,339 SDLE,Powder,US
FL5012,Pure Extract of Glycyrrhiza SF,Liquid,US
FL5013,S SPRAY DRIED,Powder,US
FL5014,DG-LICORICE EXTRACT,Powder,US
FL5015,CENTES,Powder,US
FL5016,FLAVOR 340,Powder,US
FL5017,PINKERTON SPECIAL BLEND,Powder,US
FL5018,MM 300 (AG),Powder,US
FL5019,DGLE-ZP,Powder,US
FL5021,BEL CLARO SEMI-FLUID,Liquid,US
FL5029,ME Licorice Extract 20022294,Powder,US
FL5031,Licorice Extract Cu EW,Powder,US
FL5033,FLOTOP,Powder,US
FL5034,CWK NMF,Powder,US
FL5036,CuEW LGA,Powder,US
FL7014,BUBS 60,Liquid,US
FL7025,TK VICK LIQUIDE,Liquid,US
FL9014,MAFCO POWDER,Powder,US
FM0002,MM110,Liquid,CHINA
FM0020,MM135,Powder,CHINA
FM0049,MM110 2X,Liquid,CHINA
FM0113,3XP301,Liquid,CHINA
FM0114,PM 304 MODIFIED,Liquid,CHINA
FM0015,MM125,Powder,CHINA
FM0143,MM200F,Powder,CHINA
FM0009,MM300,Powder,CHINA
FM0159,MM+7S5,Powder,CHINA
FM0138,MM210F,Liquid,CHINA
FM0046,MM189-WS,Powder,CHINA
FM0176,GT1,Powder,CHINA
FM0177,GTS,Powder,CHINA
FM0164,MAGNASWEET DACA 57,Powder,CHINA
FM0062,3XP602,Liquid,CHINA
FM0040,VA CASING FLAVOR 448,Liquid,CHINA
FM0127,Magnasweet923,Powder,CHINA
FM0021,3XP206,Liquid,CHINA
FM0029,3XP789_SEMIFLUID,Liquid,CHINA
FM0085,3XP801,Liquid,CHINA
FM0097,3XP934,Liquid,CHINA
FM0027,3XP304,Liquid,CHINA
FM0030,MAGNASWEET 188M,Powder,CHINA
FM0228,GAM,Powder,CHINA
FM0043,MM TP-2 POWDER,Powder,CHINA
FM1002,LICORICE EXRACT GM,Powder,CHINA
FM0006,MM150,Powder,CHINA
FM0134,MM100FX,Powder,CHINA
FM0050,MM1352X,Powder,CHINA
FM0008,MM180,Powder,CHINA
FM0004,MM185,Powder,CHINA
FM0136,MM200,Powder,CHINA
FM0017,MM115,Liquid,CHINA
FM0018,MM118,Liquid,CHINA
FM0023,3XP186,Powder,CHINA
FM0024,MM136,Liquid,CHINA
FM0135,MM110F,Liquid,CHINA
FM0157,MM135,Powder,CHINA
FM0179,MM135 Fine Particle,Powder,CHINA
FM0180,CM2,Powder,CHINA
FM0181,Magnasweet Bitter Blocker N,Powder,CHINA
FM0182,Magnasweet Bitter Blocker S,Powder,CHINA
FM0183,CM1,Powder,CHINA
FM0184,CM1-L,Powder,CHINA
FM0226,MagnaSweet BB-001,Powder,CHINA
FM0232,MagnaSweet BB-002,Powder,CHINA
FM0233,MagnaSweet PH-016,Powder,CHINA
FM0236,MagnaSweet PM-004,Powder,CHINA
FM0237,Magnasweet SwE-063,Liquid,CHINA
FM0241,MagnaSweet PM-024LE,Powder,CHINA
FM0243,MagnaSweet MMF-004,Liquid,CHINA
FM0244,MagnaSweet SwE-061,Powder,CHINA
FM0247,MagnaSweet BB-020,Powder,CHINA
FM0250,Magnasweet SwE-089,Powder,CHINA
FM0255,MagnaSweet BB-022LE,Powder,CHINA
FM0256,MagnaSweet PM-030OS,Liquid,CHINA
FM0259,MagnaSweet BB-021LE,Powder,CHINA
FM0260,Magnasweet SwE-091LE,Powder,CHINA
FM0262,MagnaSweet SwE-115LE,Powder,CHINA
FM0268,MagnaSweet MMF-016,Liquid,CHINA
FM0270,MagnaSweet SwE-093LE,Liquid,CHINA
FM0271,MagnaSweet MMF-014,Liquid,CHINA
FL0500,LYNNBROS PHAR SDLE,Powder,CHINA
FL0501,LYNNBROS FOOD SDLE,Powder,CHINA
FL0502,TTM SDLE,Powder,CHINA
FL0503,3XP1017 SDLE,Powder,CHINA
FL0504,3XP1018 SDLE,Powder,CHINA
FL0509,CONWOOD SDLE,Powder,CHINA
FL0510,COMET SDLE,Powder,CHINA
FL0511,WEIHAI GREEN SDLE,Powder,CHINA
FL0512,SHAANXI-T2 SDLE,Powder,CHINA
FL0513,SHAANXI Q SDLE,Powder,CHINA
FL0514,TOKIWA SDLE,Powder,CHINA
FL0515,LUNGTAI SDLE 22%,Powder,CHINA
FL0516,SHAANXI Q2 SDLE,Powder,CHINA
FL0517,3XP1038-SDLE,Powder,CHINA
FL0518,WHY05001-LICORICE EXTRACT SF,Liquid,CHINA
FL0098,LICORICE EXTRACT SFM3,Liquid,CHINA
FL0131,LICORICE EXTRACT SHIP BJ,Liquid,CHINA
FL0287,CWE SEMI-FLUID,Liquid,CHINA
FL0522,HU68014,Powder,CHINA
FL0046,3XP167,Liquid,CHINA
FL0208,3XP867,Liquid,CHINA
FL0294,3XP1101,Liquid,CHINA
FL0299,3XP1102,Liquid,CHINA
FL0310,SBJ 30 S.F.,Liquid,CHINA
FL7065,ZUSATZ 60,Liquid,CHINA
FL0365,Af/Az Pure Permeate SF,Liquid,CHINA
FL0367,AfghanRT & Permeate SF,Liquid,CHINA
FL0373,Af/Az RT & Permeate SF LOTA,Liquid,CHINA
FL0372,50/50 Af/AzRT&PurePerm SD,Powder,CHINA
FL0356,ChineseRT & Permeate SD,Powder,CHINA
FL0349,AfghanRT & Permeate SD,Powder,CHINA
FL0375,RT & PERMEATE SDLE H.A.,Powder,CHINA
FL0377,RT & PERMEATE SDLE H.A. LOTA,Powder,CHINA
FL0392,PERMEATE-N PG S/F,Liquid,CHINA
FL0391,PERMEATE-N S/F,Liquid,CHINA
FL0387,Permeate-Nano Paste,Block,CHINA
FL0274,3XP1041 SF,Liquid,CHINA
FL0399,CONCENTRATED DECANT,Liquid,CHINA
FL0151,DG-CWAE CONCENTRATED SF,Liquid,CHINA
FL0114,LI-RF-4967,Powder,CHINA
FL5000,LICORICE EXTRACT SDLE,Powder,CHINA
FL3118,Licorice Extract SD AM 4%,Powder,CHINA
FL3001,ZFTZ 217 SDLE,Powder,CHINA
Fl0312,Cocoa Extract S.F,Liquid,CHINA
FL0061,3XP301,Liquid,CHINA
FL0093,3XP398/2XP392 SEMI-FLUID,Liquid,CHINA
FL0116,3XP368IN SEMI-FLUID,Liquid,CHINA
FL0295,COCASHAN SEMI-FLUID,Liquid,CHINA
FL5018,MM 300(AG),Powder,CHINA
FL0309,CAROB/COCOASHAN,Powder,CHINA
FL0220,3XP883,Liquid,CHINA
FL3134,BBK_GALYTH_A_F,Powder,CHINA
FL0069,3XP282 BJ SF,Liquid,CHINA
FL8001,Licorice Extract Granules,Powder,CHINA
FL5033,Altria Granules,Powder,CHINA
FL5031,LICORICE EXTRACT CUEW FL5031,Powder,CHINA
FL0050,Pure Licorice Extract Granules,Powder,CHINA
FL0051,Halva Licorice Granules,Powder,CHINA
FL3018,CMMS POWDER,Powder,CHINA
FL3115,PR BJ POUDRE,Powder,CHINA
FL3005,609 POUDRE,Powder,CHINA
FL3034,TVL RZ POUDRE,Powder,CHINA
FL3051,AA/UF POUDRE,Powder,CHINA
FL0238,SHIP FUJI SDLE,Powder,CHINA
FL0305,FUJI SHIP,Liquid,CHINA
FL5100,Hot water extract,Liquid,CHINA
FL3004,590 POUDRE,Powder,CHINA
FL3017,POWDER CM/B,Powder,CHINA
FL3140,PREMIX CUEW,Powder,CHINA
FL3141,DW SDLE,Powder,CHINA
FL3130,LI RF4211 SHIP SDLE,Powder,CHINA
FM0002,Magnasweet 110,Liquid,EVD
FM0017,MM115,Liquid,EVD
FM0018,MM118,Liquid,EVD
FM0023,3XP186,Liquid,EVD
FM0024,MM136,Liquid,EVD
FM0049,MM110 2X,Liquid,EVD
FM0135,MM110F,Liquid,EVD
FM0138,MM210F,Liquid,EVD
FM0157,MM135,Powder,EVD
FM0178,MM210F-OC,Liquid,EVD
FM0184,CM1-L,Liquid,EVD
FM0237,Magnasweet SwE-063,Liquid,EVD
FM0243,Magnasweet MMF-004,Liquid,EVD
FM0268,MagnaSweet MMF-016,Liquid,EVD
FM0270,MagnaSweet SwE-093LE,Liquid,EVD
FM0271,MagnaSweet MMF-014,Liquid,EVD
